Run Length,Bubble Sort,Insertion Sort,Selection Sort,Merge Sort,Quick Sort,
10,2.49861e-08,3.43547e-08,5.75269e-08,2.69203e-07,9.75298e-08,
20,3.50508e-08,5.25005e-08,1.69008e-07,5.90884e-07,2.31945e-07,
50,6.9636e-08,1.09332e-07,9.177e-07,1.63295e-06,9.76744e-07,
100,1.19151e-07,2.00678e-07,3.70609e-06,3.52501e-06,3.27168e-06,
1000,1.05191e-06,1.8787e-06,0.000353227,4.35591e-05,0.00027335,
10000,1.0331e-05,1.87299e-05,0.0359831,0.000538661,0.0265044,
100000,0.000100533,0.000182008,4.03051,0.00633833,2.63523,
