Run Length,Bubble Sort,Insertion Sort,Selection Sort,Merge Sort,Quick Sort,Count Sort,
10,2.53837e-07,1.41792e-07,1.9342e-07,3.69732e-07,2.58471e-07,8.34575e-05,
20,9.56017e-07,3.55712e-07,5.83988e-07,8.93511e-07,6.40822e-07,9.46739e-05,
50,4.86602e-06,1.37161e-06,2.31877e-06,2.67099e-06,1.84672e-06,9.97253e-05,
100,1.67134e-05,4.54186e-06,7.10364e-06,6.12109e-06,4.20574e-06,0.000105895,
1000,0.00115803,0.000343662,0.000407924,7.90643e-05,5.43195e-05,0.000115413,
10000,0.108901,0.0334131,0.0357573,0.00099483,0.000676087,0.0002265,
100000,12.5954,3.28503,3.44273,0.0118836,0.00783806,0.00101575,
