Run Length,Bubble Sort,Insertion Sort,Selection Sort,Merge Sort,Quick Sort,Count Sort,
10,2.58801e-07,1.49875e-07,1.91252e-07,3.93098e-07,2.69492e-07,0,
20,9.49643e-07,3.56747e-07,5.51427e-07,8.75799e-07,6.08051e-07,0,
50,5.04922e-06,1.36607e-06,2.25411e-06,2.61658e-06,1.79364e-06,0,
100,1.74453e-05,4.65042e-06,7.16454e-06,6.20875e-06,4.2161e-06,0,
1000,0.00115715,0.000343875,0.000410897,7.92483e-05,5.44517e-05,0,
10000,0.107196,0.0332937,0.0353161,0.000987528,0.000668019,0,
100000,12.4868,3.32366,3.46202,0.0118885,0.00775871,0,
