Run Length,Bubble Sort,Insertion Sort,Selection Sort,Merge Sort,Quick Sort,Count Sort,
10,8.63713e-08,4.75816e-08,6.37571e-08,2.67748e-07,9.61395e-08,0,
20,3.21664e-07,1.23781e-07,2.04108e-07,6.29718e-07,2.16338e-07,0,
50,1.8234e-06,5.14976e-07,1.04249e-06,1.68578e-06,7.66404e-07,0,
100,7.20766e-06,1.87002e-06,4.05344e-06,3.58725e-06,2.31222e-06,0,
1000,0.00133968,0.000500807,0.000442989,4.29651e-05,0.000143959,0,
10000,0.120873,0.0502536,0.043664,0.000538765,0.0130274,0,
100000,12.4237,4.94058,4.26135,0.00625513,0.65015,0,
