Run Length,Bubble Sort,Insertion Sort,Selection Sort,Merge Sort,Quick Sort,
10,1.86415e-07,9.06941e-08,7.75757e-08,2.70436e-07,1.13286e-07,
20,6.89569e-07,2.96895e-07,2.32334e-07,5.93503e-07,2.77066e-07,
50,4.53974e-06,1.70565e-06,1.23396e-06,1.6377e-06,1.11096e-06,
100,1.79305e-05,6.90483e-06,4.76082e-06,3.53923e-06,3.51125e-06,
1000,0.00176314,0.00067337,0.000464802,4.41123e-05,0.000277398,
10000,0.16725,0.0692737,0.045733,0.000541411,0.0259444,
100000,14.6992,6.74395,4.65156,0.00622875,2.58738,
