Run Length,Bubble Sort,Insertion Sort,Selection Sort,Merge Sort,Quick Sort,Count Sort,
10,2.43487e-08,3.48663e-08,5.63833e-08,2.68736e-07,9.69771e-08,0,
20,3.41336e-08,5.36812e-08,1.68343e-07,5.84747e-07,2.3527e-07,0,
50,6.92106e-08,1.08692e-07,9.19773e-07,1.62133e-06,9.76842e-07,0,
100,1.18e-07,2.02682e-07,3.69048e-06,3.48856e-06,3.23321e-06,0,
1000,1.05383e-06,1.90421e-06,0.000363292,4.46065e-05,0.000277302,0,
10000,1.03455e-05,1.91697e-05,0.035451,0.000541056,0.0265644,0,
100000,0.000117259,0.00019304,3.75781,0.0063118,2.60398,0,
