Run Length,Bubble Sort,Insertion Sort,Selection Sort,Merge Sort,Quick Sort,Count Sort,
10,6.32027e-08,3.93215e-08,6.71661e-08,2.68297e-07,1.12012e-07,0,
20,1.84745e-07,6.49944e-08,1.96653e-07,5.90571e-07,2.65848e-07,0,
50,9.19587e-07,1.46429e-07,1.0063e-06,1.64952e-06,1.06065e-06,0,
100,3.84114e-06,2.97851e-07,4.20036e-06,3.85788e-06,3.72792e-06,0,
1000,0.000352535,2.59432e-06,0.000356486,4.32288e-05,0.00027944,0,
10000,0.0341852,2.50286e-05,0.0349896,0.000534364,0.0262391,0,
100000,3.52871,0.000243544,3.4337,0.00639246,2.59166,0,
