Run Length,Bubble Sort,Insertion Sort,Selection Sort,Merge Sort,Quick Sort,
10,5.13713e-07,3.07234e-07,3.94693e-07,8.1289e-07,5.41345e-07,
20,2.07165e-06,7.59524e-07,1.19939e-06,1.91127e-06,1.30472e-06,
50,1.05296e-05,2.91191e-06,4.79951e-06,5.60712e-06,3.78266e-06,
100,3.46911e-05,9.34452e-06,1.43833e-05,1.24725e-05,8.5178e-06,
1000,0.00132661,0.0003955,0.000465519,9.15876e-05,6.21449e-05,
10000,0.107388,0.0333873,0.0356069,0.000996926,0.000665971,
100000,12.465,3.35125,3.63194,0.0118502,0.00778031,
